<?xml version="1.0" encoding="UTF-8"?>
<config xmlns="http://www.knime.org/2008/09/XMLConfig" xmlns:xsi="http://www.w3.org/2001/XMLSchema-instance" xsi:schemaLocation="http://www.knime.org/2008/09/XMLConfig http://www.knime.org/XMLConfig_2008_09.xsd" key="settings.xml">
<entry key="name" type="xstring" value="Linear Correlation"/>
<config key="model">
<config key="includeList_Internals">
<entry key="SettingsModelID" type="xstring" value="SMID_filterString"/>
<entry key="EnabledStatus" type="xboolean" value="true"/>
</config>
<config key="includeList">
<config key="InclList">
<entry key="array-size" type="xint" value="37"/>
<entry key="0" type="xstring" value="date"/>
<entry key="1" type="xstring" value="salutation"/>
<entry key="2" type="xstring" value="title"/>
<entry key="3" type="xstring" value="domain"/>
<entry key="4" type="xstring" value="datecreated"/>
<entry key="5" type="xstring" value="newsletter"/>
<entry key="6" type="xstring" value="model"/>
<entry key="7" type="xstring" value="paymenttype"/>
<entry key="8" type="xstring" value="deliverytype"/>
<entry key="9" type="xstring" value="invoicepostcode"/>
<entry key="10" type="xstring" value="delivpostcode"/>
<entry key="11" type="xstring" value="voucher"/>
<entry key="12" type="xstring" value="advertisingdatacode"/>
<entry key="13" type="xstring" value="case"/>
<entry key="14" type="xstring" value="numberitems"/>
<entry key="15" type="xstring" value="gift"/>
<entry key="16" type="xstring" value="entry"/>
<entry key="17" type="xstring" value="points"/>
<entry key="18" type="xstring" value="shippingcosts"/>
<entry key="19" type="xstring" value="deliverydatepromised"/>
<entry key="20" type="xstring" value="deliverydatereal"/>
<entry key="21" type="xstring" value="weight"/>
<entry key="22" type="xstring" value="remi"/>
<entry key="23" type="xstring" value="cancel"/>
<entry key="24" type="xstring" value="used"/>
<entry key="25" type="xstring" value="w0"/>
<entry key="26" type="xstring" value="w1"/>
<entry key="27" type="xstring" value="w2"/>
<entry key="28" type="xstring" value="w3"/>
<entry key="29" type="xstring" value="w4"/>
<entry key="30" type="xstring" value="w5"/>
<entry key="31" type="xstring" value="w6"/>
<entry key="32" type="xstring" value="w7"/>
<entry key="33" type="xstring" value="w8"/>
<entry key="34" type="xstring" value="w9"/>
<entry key="35" type="xstring" value="w10"/>
<entry key="36" type="xstring" value="target90"/>
</config>
<config key="ExclList">
<entry key="array-size" type="xint" value="0"/>
</config>
<entry key="keep_all_columns_selected" type="xboolean" value="false"/>
</config>
<config key="possibleValuesCount_Internals">
<entry key="SettingsModelID" type="xstring" value="SMID_integer"/>
<entry key="EnabledStatus" type="xboolean" value="true"/>
</config>
<entry key="possibleValuesCount" type="xint" value="100"/>
</config>
<entry key="hasContent" type="xboolean" value="false"/>
<config key="ports">
<config key="port_0">
<entry key="index" type="xint" value="0"/>
<entry key="port_dir_location" type="xstring" isnull="true" value=""/>
</config>
<config key="port_1">
<entry key="index" type="xint" value="1"/>
<entry key="port_dir_location" type="xstring" isnull="true" value=""/>
</config>
</config>
</config>
