<?xml version="1.0" encoding="UTF-8"?>
<config xmlns="http://www.knime.org/2008/09/XMLConfig" xmlns:xsi="http://www.w3.org/2001/XMLSchema-instance" xsi:schemaLocation="http://www.knime.org/2008/09/XMLConfig http://www.knime.org/XMLConfig_2008_09.xsd" key="settings.xml">
<entry key="name" type="xstring" value="Normalizer"/>
<config key="model">
<entry key="mode" type="xint" value="1"/>
<entry key="newmin" type="xdouble" value="0.0"/>
<entry key="newmax" type="xdouble" value="1.0"/>
<config key="columns">
<entry key="array-size" type="xint" value="20"/>
<entry key="0" type="xstring" value="date"/>
<entry key="1" type="xstring" value="datecreated"/>
<entry key="2" type="xstring" value="case"/>
<entry key="3" type="xstring" value="numberitems"/>
<entry key="4" type="xstring" value="deliverydatepromised"/>
<entry key="5" type="xstring" value="weight"/>
<entry key="6" type="xstring" value="remi"/>
<entry key="7" type="xstring" value="cancel"/>
<entry key="8" type="xstring" value="used"/>
<entry key="9" type="xstring" value="w0"/>
<entry key="10" type="xstring" value="w1"/>
<entry key="11" type="xstring" value="w2"/>
<entry key="12" type="xstring" value="w3"/>
<entry key="13" type="xstring" value="w4"/>
<entry key="14" type="xstring" value="w5"/>
<entry key="15" type="xstring" value="w6"/>
<entry key="16" type="xstring" value="w7"/>
<entry key="17" type="xstring" value="w8"/>
<entry key="18" type="xstring" value="w9"/>
<entry key="19" type="xstring" value="w10"/>
</config>
<entry key="all_numeric_columns_used" type="xboolean" value="false"/>
</config>
<entry key="hasContent" type="xboolean" value="true"/>
<config key="ports">
<config key="port_0">
<entry key="index" type="xint" value="0"/>
<entry key="port_spec_class" type="xstring" value="org.knime.core.data.DataTableSpec"/>
<entry key="port_object_class" type="xstring" value="org.knime.core.node.BufferedDataTable"/>
<entry key="port_object_summary" type="xstring" value="Rows: 32428, Cols: 53"/>
<entry key="port_dir_location" type="xstring" value="port_0"/>
</config>
<config key="port_1">
<entry key="index" type="xint" value="1"/>
<entry key="port_spec_class" type="xstring" value="org.knime.core.data.DataTableSpec"/>
<entry key="port_object_class" type="xstring" value="org.knime.base.data.normalize.NormalizerPortObject"/>
<entry key="port_object_summary" type="xstring" value="Min/Max (0.0, 1) normalization on 20 column(s)"/>
<entry key="port_spec_location" type="xstring" value="spec/spec.zip"/>
<entry key="port_object_location" type="xstring" value="object/portobject.zip"/>
<entry key="port_dir_location" type="xstring" value="port_1"/>
</config>
</config>
</config>
