<?xml version="1.0" encoding="UTF-8"?>
<config xmlns="http://www.knime.org/2008/09/XMLConfig" xmlns:xsi="http://www.w3.org/2001/XMLSchema-instance" xsi:schemaLocation="http://www.knime.org/2008/09/XMLConfig http://www.knime.org/XMLConfig_2008_09.xsd" key="model.xml">
<entry key="version" type="xint" value="1"/>
<entry key="class_name" type="xstring" value="org.knime.base.data.normalize.NormalizerPortObject"/>
<config key="model">
<config key="columns">
<config key="date">
<entry key="column_name" type="xstring" value="date"/>
<entry key="column_scale" type="xdouble" value="0.0027472527472527475"/>
<entry key="column_translate" type="xdouble" value="-0.25"/>
<entry key="column_min" type="xdouble" value="0.0"/>
<entry key="column_max" type="xdouble" value="1.0"/>
</config>
<config key="datecreated">
<entry key="column_name" type="xstring" value="datecreated"/>
<entry key="column_scale" type="xdouble" value="0.0036496350364963502"/>
<entry key="column_translate" type="xdouble" value="-0.33211678832116787"/>
<entry key="column_min" type="xdouble" value="0.0"/>
<entry key="column_max" type="xdouble" value="1.0"/>
</config>
<config key="case">
<entry key="column_name" type="xstring" value="case"/>
<entry key="column_scale" type="xdouble" value="0.25"/>
<entry key="column_translate" type="xdouble" value="-0.25"/>
<entry key="column_min" type="xdouble" value="0.0"/>
<entry key="column_max" type="xdouble" value="1.0"/>
</config>
<config key="numberitems">
<entry key="column_name" type="xstring" value="numberitems"/>
<entry key="column_scale" type="xdouble" value="0.02040816326530612"/>
<entry key="column_translate" type="xdouble" value="-0.02040816326530612"/>
<entry key="column_min" type="xdouble" value="0.0"/>
<entry key="column_max" type="xdouble" value="1.0"/>
</config>
<config key="deliverydatepromised">
<entry key="column_name" type="xstring" value="deliverydatepromised"/>
<entry key="column_scale" type="xdouble" value="9.99729073421103E-7"/>
<entry key="column_translate" type="xdouble" value="-9.197507475474147E-5"/>
<entry key="column_min" type="xdouble" value="0.0"/>
<entry key="column_max" type="xdouble" value="1.0"/>
</config>
<config key="deliverydatereal">
<entry key="column_name" type="xstring" value="deliverydatereal"/>
<entry key="column_scale" type="xdouble" value="0.001567398119122257"/>
<entry key="column_translate" type="xdouble" value="-0.1426332288401254"/>
<entry key="column_min" type="xdouble" value="0.0"/>
<entry key="column_max" type="xdouble" value="1.0"/>
</config>
<config key="weight">
<entry key="column_name" type="xstring" value="weight"/>
<entry key="column_scale" type="xdouble" value="4.981071926678621E-5"/>
<entry key="column_translate" type="xdouble" value="0.0"/>
<entry key="column_min" type="xdouble" value="0.0"/>
<entry key="column_max" type="xdouble" value="1.0"/>
</config>
<config key="remi">
<entry key="column_name" type="xstring" value="remi"/>
<entry key="column_scale" type="xdouble" value="0.05263157894736842"/>
<entry key="column_translate" type="xdouble" value="0.0"/>
<entry key="column_min" type="xdouble" value="0.0"/>
<entry key="column_max" type="xdouble" value="1.0"/>
</config>
<config key="cancel">
<entry key="column_name" type="xstring" value="cancel"/>
<entry key="column_scale" type="xdouble" value="0.058823529411764705"/>
<entry key="column_translate" type="xdouble" value="0.0"/>
<entry key="column_min" type="xdouble" value="0.0"/>
<entry key="column_max" type="xdouble" value="1.0"/>
</config>
<config key="used">
<entry key="column_name" type="xstring" value="used"/>
<entry key="column_scale" type="xdouble" value="0.05263157894736842"/>
<entry key="column_translate" type="xdouble" value="0.0"/>
<entry key="column_min" type="xdouble" value="0.0"/>
<entry key="column_max" type="xdouble" value="1.0"/>
</config>
<config key="w0">
<entry key="column_name" type="xstring" value="w0"/>
<entry key="column_scale" type="xdouble" value="0.010101010101010102"/>
<entry key="column_translate" type="xdouble" value="0.0"/>
<entry key="column_min" type="xdouble" value="0.0"/>
<entry key="column_max" type="xdouble" value="1.0"/>
</config>
<config key="w1">
<entry key="column_name" type="xstring" value="w1"/>
<entry key="column_scale" type="xdouble" value="0.011904761904761904"/>
<entry key="column_translate" type="xdouble" value="0.0"/>
<entry key="column_min" type="xdouble" value="0.0"/>
<entry key="column_max" type="xdouble" value="1.0"/>
</config>
<config key="w2">
<entry key="column_name" type="xstring" value="w2"/>
<entry key="column_scale" type="xdouble" value="0.011111111111111112"/>
<entry key="column_translate" type="xdouble" value="0.0"/>
<entry key="column_min" type="xdouble" value="0.0"/>
<entry key="column_max" type="xdouble" value="1.0"/>
</config>
<config key="w3">
<entry key="column_name" type="xstring" value="w3"/>
<entry key="column_scale" type="xdouble" value="0.06666666666666667"/>
<entry key="column_translate" type="xdouble" value="0.0"/>
<entry key="column_min" type="xdouble" value="0.0"/>
<entry key="column_max" type="xdouble" value="1.0"/>
</config>
<config key="w4">
<entry key="column_name" type="xstring" value="w4"/>
<entry key="column_scale" type="xdouble" value="0.027777777777777776"/>
<entry key="column_translate" type="xdouble" value="0.0"/>
<entry key="column_min" type="xdouble" value="0.0"/>
<entry key="column_max" type="xdouble" value="1.0"/>
</config>
<config key="w5">
<entry key="column_name" type="xstring" value="w5"/>
<entry key="column_scale" type="xdouble" value="0.07142857142857142"/>
<entry key="column_translate" type="xdouble" value="0.0"/>
<entry key="column_min" type="xdouble" value="0.0"/>
<entry key="column_max" type="xdouble" value="1.0"/>
</config>
<config key="w6">
<entry key="column_name" type="xstring" value="w6"/>
<entry key="column_scale" type="xdouble" value="0.037037037037037035"/>
<entry key="column_translate" type="xdouble" value="0.0"/>
<entry key="column_min" type="xdouble" value="0.0"/>
<entry key="column_max" type="xdouble" value="1.0"/>
</config>
<config key="w7">
<entry key="column_name" type="xstring" value="w7"/>
<entry key="column_scale" type="xdouble" value="0.01818181818181818"/>
<entry key="column_translate" type="xdouble" value="0.0"/>
<entry key="column_min" type="xdouble" value="0.0"/>
<entry key="column_max" type="xdouble" value="1.0"/>
</config>
<config key="w8">
<entry key="column_name" type="xstring" value="w8"/>
<entry key="column_scale" type="xdouble" value="1.0"/>
<entry key="column_translate" type="xdouble" value="0.0"/>
<entry key="column_min" type="xdouble" value="0.0"/>
<entry key="column_max" type="xdouble" value="1.0"/>
</config>
<config key="w9">
<entry key="column_name" type="xstring" value="w9"/>
<entry key="column_scale" type="xdouble" value="0.020833333333333332"/>
<entry key="column_translate" type="xdouble" value="0.0"/>
<entry key="column_min" type="xdouble" value="0.0"/>
<entry key="column_max" type="xdouble" value="1.0"/>
</config>
<config key="w10">
<entry key="column_name" type="xstring" value="w10"/>
<entry key="column_scale" type="xdouble" value="0.02"/>
<entry key="column_translate" type="xdouble" value="0.0"/>
<entry key="column_min" type="xdouble" value="0.0"/>
<entry key="column_max" type="xdouble" value="1.0"/>
</config>
</config>
<entry key="summary" type="xstring" value="Min/Max (0.0, 1) normalization on 21 column(s)"/>
</config>
</config>
