<?xml version="1.0" encoding="UTF-8"?>
<config xmlns="http://www.knime.org/2008/09/XMLConfig" xmlns:xsi="http://www.w3.org/2001/XMLSchema-instance" xsi:schemaLocation="http://www.knime.org/2008/09/XMLConfig http://www.knime.org/XMLConfig_2008_09.xsd" key="settings.xml">
<entry key="name" type="xstring" value="Java Snippet"/>
<config key="model">
<entry key="expression" type="xstring" value="/* Please note that as of KNIME 2.0%%00010 * you must use the &quot;return&quot; keyword%%00010 * to specify the return value.%%00010 */%%00010return Test.date2int($date$);"/>
<entry key="header" type="xstring" value=""/>
<entry key="replaced_column" type="xstring" value="new column"/>
<entry key="append_column" type="xboolean" value="false"/>
<entry key="test_compilation_on_dialog_close" type="xboolean" value="true"/>
<entry key="return_type" type="xstring" value="java.lang.Integer"/>
<entry key="is_array_return" type="xboolean" value="false"/>
<config key="java_libraries">
<entry key="array-size" type="xint" value="1"/>
<entry key="0" type="xstring" value="D:\Desktop\DWM10\Streams\knime_by_Ursula\knimeCodeSnippet.jar"/>
</config>
<entry key="expression_version" type="xint" value="2"/>
</config>
<entry key="hasContent" type="xboolean" value="true"/>
<config key="ports">
<config key="port_0">
<entry key="index" type="xint" value="0"/>
<entry key="port_spec_class" type="xstring" value="org.knime.core.data.DataTableSpec"/>
<entry key="port_object_class" type="xstring" value="org.knime.core.node.BufferedDataTable"/>
<entry key="port_object_summary" type="xstring" value="Rows: 32428, Cols: 38"/>
<entry key="port_dir_location" type="xstring" value="port_0"/>
</config>
</config>
</config>
