<?xml version="1.0" encoding="UTF-8"?>
<config xmlns="http://www.knime.org/2008/09/XMLConfig" xmlns:xsi="http://www.w3.org/2001/XMLSchema-instance" xsi:schemaLocation="http://www.knime.org/2008/09/XMLConfig http://www.knime.org/XMLConfig_2008_09.xsd" key="settings.xml">
<entry key="name" type="xstring" value="Column Filter"/>
<config key="model">
<entry key="selectionOption" type="xstring" value="EnforceExclusion"/>
<config key="exclude">
<entry key="array-size" type="xint" value="4"/>
<entry key="0" type="xstring" value="salutation"/>
<entry key="1" type="xstring" value="domain"/>
<entry key="2" type="xstring" value="model"/>
<entry key="3" type="xstring" value="paymenttype"/>
</config>
</config>
<entry key="hasContent" type="xboolean" value="true"/>
<config key="ports">
<config key="port_0">
<entry key="index" type="xint" value="0"/>
<entry key="port_spec_class" type="xstring" value="org.knime.core.data.DataTableSpec"/>
<entry key="port_object_class" type="xstring" value="org.knime.core.node.BufferedDataTable"/>
<entry key="port_object_summary" type="xstring" value="Rows: 32428, Cols: 53"/>
<entry key="port_dir_location" type="xstring" value="port_0"/>
</config>
</config>
</config>
