<?xml version="1.0" encoding="UTF-8"?>
<config xmlns="http://www.knime.org/2008/09/XMLConfig" xmlns:xsi="http://www.w3.org/2001/XMLSchema-instance" xsi:schemaLocation="http://www.knime.org/2008/09/XMLConfig http://www.knime.org/XMLConfig_2008_09.xsd" key="settings.xml">
<entry key="name" type="xstring" value="Domain Calculator"/>
<config key="model">
<config key="possible_values_columns">
<entry key="array-size" type="xint" value="13"/>
<entry key="0" type="xstring" value="salutation"/>
<entry key="1" type="xstring" value="title"/>
<entry key="2" type="xstring" value="domain"/>
<entry key="3" type="xstring" value="newsletter"/>
<entry key="4" type="xstring" value="model"/>
<entry key="5" type="xstring" value="paymenttype"/>
<entry key="6" type="xstring" value="deliverytype"/>
<entry key="7" type="xstring" value="voucher"/>
<entry key="8" type="xstring" value="gift"/>
<entry key="9" type="xstring" value="entry"/>
<entry key="10" type="xstring" value="points"/>
<entry key="11" type="xstring" value="shippingcosts"/>
<entry key="12" type="xstring" value="target90"/>
</config>
<config key="min_max_columns">
<entry key="array-size" type="xint" value="20"/>
<entry key="0" type="xstring" value="date"/>
<entry key="1" type="xstring" value="datecreated"/>
<entry key="2" type="xstring" value="numberitems"/>
<entry key="3" type="xstring" value="deliverydatepromised"/>
<entry key="4" type="xstring" value="deliverydatereal"/>
<entry key="5" type="xstring" value="weight"/>
<entry key="6" type="xstring" value="remi"/>
<entry key="7" type="xstring" value="cancel"/>
<entry key="8" type="xstring" value="used"/>
<entry key="9" type="xstring" value="w0"/>
<entry key="10" type="xstring" value="w1"/>
<entry key="11" type="xstring" value="w2"/>
<entry key="12" type="xstring" value="w3"/>
<entry key="13" type="xstring" value="w4"/>
<entry key="14" type="xstring" value="w5"/>
<entry key="15" type="xstring" value="w6"/>
<entry key="16" type="xstring" value="w7"/>
<entry key="17" type="xstring" value="w8"/>
<entry key="18" type="xstring" value="w9"/>
<entry key="19" type="xstring" value="w10"/>
</config>
<entry key="max_poss_values" type="xint" value="60"/>
<entry key="possible_values_unselected_retain" type="xboolean" value="false"/>
<entry key="min_max_unselected_retain" type="xboolean" value="false"/>
</config>
<entry key="hasContent" type="xboolean" value="true"/>
<config key="ports">
<config key="port_0">
<entry key="index" type="xint" value="0"/>
<entry key="port_spec_class" type="xstring" value="org.knime.core.data.DataTableSpec"/>
<entry key="port_object_class" type="xstring" value="org.knime.core.node.BufferedDataTable"/>
<entry key="port_object_summary" type="xstring" value="Rows: 32428, Cols: 34"/>
<entry key="port_dir_location" type="xstring" value="port_0"/>
</config>
</config>
</config>
