<?xml version="1.0" encoding="UTF-8"?>
<config xmlns="http://www.knime.org/2008/09/XMLConfig" xmlns:xsi="http://www.w3.org/2001/XMLSchema-instance" xsi:schemaLocation="http://www.knime.org/2008/09/XMLConfig http://www.knime.org/XMLConfig_2008_09.xsd" key="settings.xml">
<entry key="name" type="xstring" value="One2Many"/>
<config key="model">
<config key="columns2Btransformed_Internals">
<entry key="SettingsModelID" type="xstring" value="SMID_filterString"/>
<entry key="EnabledStatus" type="xboolean" value="true"/>
</config>
<config key="columns2Btransformed">
<config key="InclList">
<entry key="array-size" type="xint" value="4"/>
<entry key="0" type="xstring" value="salutation"/>
<entry key="1" type="xstring" value="domain"/>
<entry key="2" type="xstring" value="model"/>
<entry key="3" type="xstring" value="paymenttype"/>
</config>
<config key="ExclList">
<entry key="array-size" type="xint" value="9"/>
<entry key="0" type="xstring" value="title"/>
<entry key="1" type="xstring" value="newsletter"/>
<entry key="2" type="xstring" value="deliverytype"/>
<entry key="3" type="xstring" value="voucher"/>
<entry key="4" type="xstring" value="gift"/>
<entry key="5" type="xstring" value="entry"/>
<entry key="6" type="xstring" value="points"/>
<entry key="7" type="xstring" value="shippingcosts"/>
<entry key="8" type="xstring" value="target90"/>
</config>
<entry key="keep_all_columns_selected" type="xboolean" value="false"/>
</config>
</config>
<entry key="hasContent" type="xboolean" value="true"/>
<entry key="node_message" type="xstring" value="Duplicate possible values found. Original column name will be appended"/>
<config key="ports">
<config key="port_0">
<entry key="index" type="xint" value="0"/>
<entry key="port_spec_class" type="xstring" value="org.knime.core.data.DataTableSpec"/>
<entry key="port_object_class" type="xstring" value="org.knime.core.node.BufferedDataTable"/>
<entry key="port_object_summary" type="xstring" value="Rows: 32428, Cols: 57"/>
<entry key="port_dir_location" type="xstring" value="port_0"/>
</config>
</config>
</config>
